x,y
0.008845090866088867,1.387682e-06
0.10952901840209961,3.21357e-06
0.21010088920593262,3.21357e-06
0.3108034133911133,3.21357e-06
0.41136837005615234,3.21357e-06
0.5127012729644775,3.21357e-06
0.6142444610595703,3.21357e-06
0.7155814170837402,3.21357e-06
0.8170821666717529,3.21357e-06
0.9184882640838623,3.21357e-06
1.0190589427947998,3.21357e-06
1.11971116065979,3.21357e-06
1.2202754020690918,2.551169e-06
1.321014165878296,2.551169e-06
1.421583652496338,2.551169e-06
1.522160291671753,2.551169e-06
1.6228420734405518,2.551169e-06
1.72342848777771,2.551169e-06
1.8248257637023926,2.551169e-06
1.9262630939483643,2.551169e-06
2.027831792831421,2.551169e-06
2.12939453125,2.551169e-06
2.2308743000030518,2.929386e-06
2.3321821689605713,2.929386e-06
2.43380069732666,2.929386e-06
2.5352046489715576,2.929386e-06
2.636662483215332,2.929386e-06
2.7382662296295166,2.929386e-06
2.8388924598693848,2.929386e-06
2.939534902572632,2.929386e-06
3.040128231048584,2.929386e-06
3.1407601833343506,3.435067e-06
3.24131178855896,3.435067e-06
3.342729091644287,3.435067e-06
3.444108247756958,3.435067e-06
3.5454795360565186,3.435067e-06
3.6470894813537598,3.435067e-06
3.748483180999756,3.435067e-06
3.850131034851074,3.435067e-06
3.95169734954834,3.435067e-06
4.053096532821655,3.435067e-06
4.154716491699219,3.435067e-06
4.256408929824829,3.169689e-06
4.358098983764648,3.169689e-06
4.459537029266357,3.169689e-06
4.560997486114502,3.169689e-06
4.662502288818359,3.169689e-06
4.764115810394287,3.169689e-06
4.865488052368164,3.169689e-06
4.966959238052368,3.169689e-06
5.068979501724243,3.169689e-06
5.170428991317749,2.925206e-06
5.271776437759399,2.925206e-06
5.373312711715698,2.925206e-06
5.474712371826172,2.925206e-06
5.576275110244751,2.925206e-06
5.677620887756348,2.925206e-06
5.779057741165161,2.925206e-06
5.8805718421936035,2.925206e-06
5.981937646865845,2.925206e-06
6.08329701423645,2.925206e-06
6.184712886810303,3.612683e-06
6.2861082553863525,3.612683e-06
6.387449264526367,3.612683e-06
6.48891806602478,3.612683e-06
6.590472221374512,3.612683e-06
6.69183611869812,3.612683e-06
6.793260097503662,3.612683e-06
6.894678115844727,3.612683e-06
6.996019124984741,3.612683e-06
7.097484588623047,3.612683e-06
7.1988911628723145,3.612683e-06
7.300631284713745,3.806598e-06
7.402442932128906,3.806598e-06
7.5037877559661865,3.806598e-06
7.605242013931274,3.806598e-06
7.706778049468994,3.806598e-06
7.808126449584961,3.806598e-06
7.909483432769775,3.806598e-06
8.010922908782959,3.806598e-06
8.112344980239868,3.806598e-06
8.214158296585083,3.466411e-06
8.315531492233276,3.466411e-06
8.417015790939331,3.466411e-06
8.518582344055176,3.466411e-06
8.620003461837769,3.466411e-06
8.721540689468384,3.466411e-06
8.822980642318726,3.466411e-06
8.924505472183228,3.466411e-06
9.026134729385376,3.466411e-06
9.12753677368164,3.466411e-06
9.228991031646729,3.041527e-06
9.330495357513428,3.041527e-06
9.431979894638062,3.041527e-06
9.533656597137451,3.041527e-06
9.635092973709106,3.041527e-06
9.736907958984375,3.041527e-06
9.838351011276245,3.041527e-06
9.939857244491577,3.041527e-06
10.041339874267578,3.041527e-06
10.14289379119873,3.641937e-06
10.244389057159424,3.641937e-06
10.34616494178772,3.641937e-06
10.449076414108276,3.641937e-06
10.550462007522583,3.641937e-06
10.652156114578247,3.641937e-06
10.754020929336548,3.641937e-06
10.855417728424072,3.641937e-06
10.956855058670044,3.641937e-06
11.058577060699463,3.641937e-06
11.15985107421875,3.641937e-06
11.261248350143433,3.585518e-06
11.362670183181763,3.585518e-06
11.464015483856201,3.585518e-06
11.565480947494507,3.585518e-06
11.667057275772095,3.585518e-06
11.768357515335083,3.585518e-06
11.870229959487915,3.585518e-06
11.971620798110962,3.585518e-06
12.07314419746399,3.585518e-06
12.174681425094604,3.489397e-06
12.276063919067383,3.489397e-06
12.37747311592102,3.489397e-06
12.4789137840271,3.489397e-06
12.580601930618286,3.489397e-06
12.682569026947021,3.489397e-06
12.784221172332764,3.489397e-06
12.8855721950531,3.489397e-06
12.986972570419312,3.489397e-06
13.088679790496826,3.489397e-06
13.190250873565674,3.529099e-06
13.291548728942871,3.529099e-06
13.393274307250977,3.529099e-06
13.494675636291504,3.529099e-06
13.59612250328064,3.529099e-06
13.697526693344116,3.529099e-06
13.799126625061035,3.529099e-06
13.900670528411865,3.529099e-06
14.002198934555054,3.529099e-06
14.103576183319092,3.969308e-06
14.205042839050293,3.969308e-06
14.306586980819702,3.969308e-06
14.407994508743286,3.969308e-06
14.509506940841675,3.969308e-06
14.61118197441101,3.969308e-06
14.71260666847229,3.969308e-06
14.81409215927124,3.969308e-06
14.915533542633057,3.969308e-06
15.0171639919281,3.969308e-06
15.118708372116089,3.969308e-06
15.220078945159912,3.514054e-06
15.32140302658081,3.514054e-06
15.422906160354614,3.514054e-06
15.52446722984314,3.514054e-06
15.6259446144104,3.514054e-06
15.727274894714355,3.514054e-06
15.828877687454224,3.514054e-06
15.930671453475952,3.514054e-06
16.032461166381836,3.514054e-06
16.134074449539185,3.514054e-06
16.235418558120728,3.587608e-06
16.337210178375244,3.587608e-06
16.438772678375244,3.587608e-06
16.540175914764404,3.587608e-06
16.641884803771973,3.587608e-06
16.743369579315186,3.587608e-06
16.84503412246704,3.587608e-06
16.946559190750122,3.587608e-06
17.048018217086792,3.587608e-06
17.14950466156006,3.565319e-06
17.251368284225464,3.565319e-06
17.352880001068115,3.565319e-06
17.454606533050537,3.565319e-06
17.55641531944275,3.565319e-06
17.657820463180542,3.565319e-06
17.759151458740234,3.565319e-06
17.860551595687866,3.565319e-06
17.962313175201416,3.565319e-06
18.063764333724976,3.565319e-06
18.165398836135864,3.565319e-06
18.26690673828125,3.731372e-06
18.368661403656006,3.731372e-06
18.470081329345703,3.731372e-06
18.571575164794922,3.731372e-06
18.672998189926147,3.731372e-06
18.774596452713013,3.731372e-06
18.875919818878174,3.731372e-06
18.977378606796265,3.731372e-06
19.07904863357544,3.731372e-06
19.180885553359985,2.523308e-06
19.282463788986206,2.523308e-06
19.383901596069336,2.523308e-06
19.485327005386353,2.523308e-06
19.58682346343994,2.523308e-06
19.688127279281616,2.523308e-06
19.789457082748413,2.523308e-06
19.891215562820435,2.523308e-06
19.992624521255493,2.523308e-06
20.094178915023804,2.523308e-06
20.195512533187866,3.886838e-06
20.29692506790161,3.886838e-06
20.398656368255615,3.886838e-06
20.50037932395935,3.886838e-06
20.602188110351562,3.886838e-06
20.703744411468506,3.886838e-06
20.805251359939575,3.886838e-06
20.90679669380188,3.886838e-06
21.008307218551636,3.886838e-06
21.10979151725769,3.865524e-06
21.211198806762695,3.865524e-06
21.312623262405396,3.865524e-06
21.414331674575806,3.865524e-06
21.51582646369934,3.865524e-06
21.61731481552124,3.865524e-06
21.71878695487976,3.865524e-06
21.82024097442627,3.865524e-06
21.921603441238403,3.865524e-06
22.023015022277832,3.865524e-06
22.124601364135742,3.865524e-06
22.226094722747803,3.376559e-06
22.327529191970825,3.376559e-06
22.428932189941406,3.376559e-06
22.530369758605957,3.376559e-06
22.63170289993286,3.376559e-06
22.73328137397766,3.376559e-06
22.83478808403015,3.376559e-06
22.936136484146118,3.376559e-06
23.037503480911255,3.376559e-06
23.139052391052246,2.9064e-06
23.24068593978882,2.9064e-06
23.342204332351685,2.9064e-06
23.443525791168213,2.9064e-06
23.54507565498352,2.9064e-06
23.646535634994507,2.9064e-06
23.747912406921387,2.9064e-06
23.849316120147705,2.9064e-06
23.950785160064697,2.9064e-06
24.052380800247192,2.9064e-06
24.15409016609192,3.364022e-06
24.25548481941223,3.364022e-06
24.356942415237427,3.364022e-06
24.4585018157959,3.364022e-06
24.56001377105713,3.364022e-06
24.661335945129395,3.364022e-06
24.762969493865967,3.364022e-06
24.864689588546753,3.364022e-06
24.96644878387451,3.364022e-06
25.067922830581665,3.364022e-06
25.169417142868042,3.364022e-06
25.270869970321655,3.169689e-06
25.372648239135742,3.169689e-06
25.474380493164062,3.169689e-06
25.575807094573975,3.169689e-06
25.67716670036316,3.169689e-06
25.77852511405945,3.169689e-06
25.879849433898926,3.169689e-06
25.981266021728516,3.169689e-06
26.0826632976532,3.169689e-06
26.183932065963745,3.514472e-06
26.285250902175903,3.514472e-06
26.386770963668823,3.514472e-06
26.48816442489624,3.514472e-06
26.589652061462402,3.514472e-06
26.691158294677734,3.514472e-06
26.792613983154297,3.514472e-06
26.89435052871704,3.514472e-06
26.995678186416626,3.514472e-06
27.096969604492188,3.514472e-06
27.198609113693237,2.749681e-06
27.300028562545776,2.749681e-06
27.401510000228882,2.749681e-06
27.50293517112732,2.749681e-06
27.60428476333618,2.749681e-06
27.70581841468811,2.749681e-06
27.807140827178955,2.749681e-06
27.90886688232422,2.749681e-06
28.010315656661987,2.749681e-06
28.11164879798889,3.290885e-06
28.213381052017212,3.290885e-06
28.314908266067505,3.290885e-06
28.41626739501953,3.290885e-06
28.518007278442383,3.290885e-06
28.619338750839233,3.290885e-06
28.72072696685791,3.290885e-06
28.822251558303833,3.290885e-06
28.92380976676941,3.290885e-06
29.025200843811035,3.290885e-06
29.126625299453735,3.290885e-06
29.22798228263855,3.211481e-06
29.32949447631836,3.211481e-06
29.430887460708618,3.211481e-06
29.532222509384155,3.211481e-06
29.633702278137207,3.211481e-06
29.73520278930664,3.211481e-06
29.836748600006104,3.211481e-06
29.938265323638916,3.211481e-06
30.03961420059204,3.211481e-06
30.141050577163696,3.084016e-06
30.242529153823853,3.084016e-06
30.344069480895996,3.084016e-06
30.445482969284058,3.084016e-06
30.54702067375183,3.084016e-06
30.64843463897705,3.084016e-06
30.749815940856934,3.084016e-06
30.851152181625366,3.084016e-06
30.952908277511597,3.084016e-06
31.054624319076538,3.084016e-06
31.15609574317932,3.213152e-06
31.25776696205139,3.213152e-06
31.359185218811035,3.213152e-06
31.46059560775757,3.213152e-06
31.562254667282104,3.213152e-06
31.663540363311768,3.213152e-06
31.765029191970825,3.213152e-06
31.866628885269165,3.213152e-06
31.968265771865845,3.213152e-06
32.07013273239136,3.002521e-06
32.171637535095215,3.002521e-06
32.27312350273132,3.002521e-06
32.374592304229736,3.002521e-06
32.4762601852417,3.002521e-06
32.57760810852051,3.002521e-06
32.67917323112488,3.002521e-06
32.780850648880005,3.002521e-06
32.88232779502869,3.002521e-06
32.983575105667114,3.002521e-06
33.08510947227478,3.002521e-06
33.18659996986389,3.425456e-06
33.287959575653076,3.425456e-06
33.3893780708313,3.425456e-06
33.49097466468811,3.425456e-06
33.59265351295471,3.425456e-06
33.69424486160278,3.425456e-06
33.79558348655701,3.425456e-06
33.897082567214966,3.425456e-06
33.99864649772644,3.425456e-06
34.10012197494507,3.425456e-06
34.201481342315674,3.740845e-06
34.30307173728943,3.740845e-06
34.404813051223755,3.740845e-06
34.50652265548706,3.740845e-06
34.60798788070679,3.740845e-06
34.709627628326416,3.740845e-06
34.811039686203,3.740845e-06
34.91237425804138,3.740845e-06
35.01384520530701,3.740845e-06
35.115156173706055,3.470591e-06
35.216503858566284,3.470591e-06
35.31834864616394,3.470591e-06
35.419832706451416,3.470591e-06
35.52122616767883,3.470591e-06
35.62273669242859,3.470591e-06
35.724327087402344,3.470591e-06
35.8261559009552,3.470591e-06
35.92766809463501,3.470591e-06
36.02936887741089,3.470591e-06
36.13105916976929,3.470591e-06
36.23281288146973,3.455545e-06
36.33442187309265,3.455545e-06
36.43576383590698,3.455545e-06
36.53688311576843,3.455545e-06
36.637447118759155,3.455545e-06
36.73897624015808,3.455545e-06
36.84047532081604,3.455545e-06
36.94214582443237,3.455545e-06
37.04344701766968,3.455545e-06
37.1449191570282,3.119539e-06
37.24644088745117,3.119539e-06
37.34770917892456,3.119539e-06
37.449366092681885,3.119539e-06
37.55082869529724,3.119539e-06
37.65252065658569,3.119539e-06
37.75430941581726,3.119539e-06
37.8556592464447,3.119539e-06
37.95696473121643,3.119539e-06
38.058799028396606,3.119539e-06
38.160167932510376,3.524084e-06
38.261618852615356,3.524084e-06
38.36357140541077,3.524084e-06
38.46510434150696,3.524084e-06
38.56577277183533,3.524084e-06
38.66725134849548,3.524084e-06
38.76875042915344,3.524084e-06
38.87020492553711,3.524084e-06
38.971476316452026,3.524084e-06
39.07285451889038,3.295065e-06
39.174354553222656,3.295065e-06
39.2759850025177,3.295065e-06
39.37747573852539,3.295065e-06
39.479190826416016,3.295065e-06
39.580607175827026,3.295065e-06
39.68209362030029,3.295065e-06
39.78347420692444,3.295065e-06
39.88507056236267,3.295065e-06
39.98658776283264,3.295065e-06
40.08797359466553,3.295065e-06
40.189589738845825,4.09329e-06
40.29090595245361,4.09329e-06
40.39224147796631,4.09329e-06
40.49393320083618,4.09329e-06
40.5953733921051,4.09329e-06
40.69681477546692,4.09329e-06
40.798189640045166,4.09329e-06
40.89957141876221,4.09329e-06
41.00120139122009,4.09329e-06
41.10261678695679,3.506114e-06
41.204209327697754,3.506114e-06
41.305636405944824,3.506114e-06
41.4071147441864,3.506114e-06
41.508485078811646,3.506114e-06
41.61011099815369,3.506114e-06
41.71145963668823,3.506114e-06
41.81288433074951,3.506114e-06
41.91438603401184,3.506114e-06
42.01589059829712,3.506114e-06
42.11743903160095,3.570891e-06
42.21892333030701,3.570891e-06
42.320401430130005,3.570891e-06
42.42215299606323,3.570891e-06
42.523558616638184,3.570891e-06
42.6253182888031,3.570891e-06
42.72693753242493,3.570891e-06
42.82855844497681,3.570891e-06
42.930001735687256,3.570891e-06
43.031322717666626,3.570891e-06
43.132670402526855,3.570891e-06
43.23427772521973,2.984133e-06
43.33555865287781,2.984133e-06
43.43695330619812,2.984133e-06
43.53875398635864,2.984133e-06
43.64012932777405,2.984133e-06
43.74152946472168,2.984133e-06
43.8433358669281,2.984133e-06
43.94473481178284,2.984133e-06
44.04641580581665,2.984133e-06
44.147751569747925,3.079836e-06
44.248841762542725,3.079836e-06
44.34955835342407,3.079836e-06
44.450982332229614,3.079836e-06
44.55261969566345,3.079836e-06
44.654173135757446,3.079836e-06
44.75552797317505,3.079836e-06
44.856961488723755,3.079836e-06
44.9586923122406,3.079836e-06
45.0601441860199,3.079836e-06
45.16152811050415,3.37238e-06
45.263110399246216,3.37238e-06
45.36481499671936,3.37238e-06
45.466546058654785,3.37238e-06
45.56796455383301,3.37238e-06
45.66931414604187,3.37238e-06
45.77070641517639,3.37238e-06
45.87204647064209,3.37238e-06
45.97344970703125,3.37238e-06
46.07534050941467,3.359842e-06
46.17682123184204,3.359842e-06
46.278143882751465,3.359842e-06
46.379613399505615,3.359842e-06
46.48097586631775,3.359842e-06
46.582449197769165,3.359842e-06
46.68373513221741,3.359842e-06
46.78525900840759,3.359842e-06
46.88678240776062,3.359842e-06
46.98805212974548,3.359842e-06
47.08947134017944,3.359842e-06
47.19101285934448,3.155062e-06
47.29252886772156,3.155062e-06
47.39426112174988,3.155062e-06
47.49561619758606,3.155062e-06
47.59701132774353,3.155062e-06
47.69853186607361,3.155062e-06
47.7999906539917,3.155062e-06
47.90145206451416,3.155062e-06
48.00301647186279,3.155062e-06
48.10471057891846,3.297154e-06
48.20617604255676,3.297154e-06
48.30743598937988,3.297154e-06
48.409029722213745,3.297154e-06
48.510839223861694,3.297154e-06
48.61220979690552,3.297154e-06
48.71354794502258,3.297154e-06
48.814894676208496,3.297154e-06
48.91624903678894,3.297154e-06
49.0177435874939,3.297154e-06
49.11915946006775,3.00085e-06
49.220587491989136,3.00085e-06
49.32211875915527,3.00085e-06
49.423442363739014,3.00085e-06
49.52482080459595,3.00085e-06
49.626341581344604,3.00085e-06
49.72793459892273,3.00085e-06
49.829450368881226,3.00085e-06
49.930848598480225,3.00085e-06
50.032466650009155,2.994163e-06
50.13423800468445,2.994163e-06
50.23560357093811,2.994163e-06
50.33708715438843,2.994163e-06
50.438512086868286,2.994163e-06
50.53988456726074,2.994163e-06
50.64133334159851,2.994163e-06
50.74284338951111,2.994163e-06
50.84416723251343,2.994163e-06
50.9456148147583,2.994163e-06
51.04695773124695,2.994163e-06
51.14851903915405,3.094464e-06
51.25028681755066,3.094464e-06
51.350810527801514,3.094464e-06
51.452139377593994,3.094464e-06
51.55373764038086,3.094464e-06
51.655096769332886,3.094464e-06
51.75676131248474,3.094464e-06
51.85830116271973,3.094464e-06
51.959800004959106,3.094464e-06
52.06119751930237,3.094464e-06
52.1626513004303,3.292975e-06
52.26394081115723,3.292975e-06
52.3653461933136,3.292975e-06
52.46698021888733,3.292975e-06
52.56845545768738,3.292975e-06
52.6703040599823,3.292975e-06
52.771650552749634,3.292975e-06
52.87316703796387,3.292975e-06
52.974711656570435,3.292975e-06
53.076061487197876,3.077747e-06
53.17758917808533,3.077747e-06
53.279245376586914,3.077747e-06
53.38064360618591,3.077747e-06
53.482240200042725,3.077747e-06
53.58361482620239,3.077747e-06
53.68511915206909,3.077747e-06
53.786290407180786,3.077747e-06
53.88777685165405,3.077747e-06
53.989110469818115,3.077747e-06
54.090802907943726,3.077747e-06
54.1924889087677,2.94067e-06
54.29409670829773,2.94067e-06
54.39565181732178,2.94067e-06
54.49718713760376,2.94067e-06
54.598796367645264,2.94067e-06
54.70047879219055,2.94067e-06
54.80228233337402,2.94067e-06
54.903563499450684,2.94067e-06
55.00506567955017,2.94067e-06
55.106539487838745,3.244914e-06
55.20798969268799,3.244914e-06
55.30948877334595,3.244914e-06
55.410977840423584,3.244914e-06
55.51226806640625,3.244914e-06
55.61381459236145,3.244914e-06
55.71526026725769,3.244914e-06
55.816559076309204,3.244914e-06
55.91819500923157,3.244914e-06
56.01977014541626,3.244914e-06
56.12131142616272,3.293393e-06
56.22271203994751,3.293393e-06
56.324303150177,3.293393e-06
56.42587113380432,3.293393e-06
56.52715706825256,3.293393e-06
56.62854814529419,3.293393e-06
56.73011612892151,3.293393e-06
56.83162450790405,3.293393e-06
56.933239221572876,3.293393e-06
57.03473377227783,2.517736e-06
57.13612604141235,2.517736e-06
57.237876415252686,2.517736e-06
57.339343309402466,2.517736e-06
57.4405722618103,2.517736e-06
57.54197382926941,2.517736e-06
57.64323854446411,2.517736e-06
57.744749784469604,2.517736e-06
57.84632349014282,2.517736e-06
57.947815895080566,2.517736e-06
58.049349308013916,2.517736e-06
58.150800466537476,3.158544e-06
58.252506256103516,3.158544e-06
58.3540678024292,3.158544e-06
58.455533027648926,3.158544e-06
58.55699634552002,3.158544e-06
58.65856957435608,3.158544e-06
58.759870290756226,3.158544e-06
58.86124897003174,3.158544e-06
58.962735414505005,3.158544e-06
59.06421637535095,3.627311e-06
59.16615867614746,3.627311e-06
59.26753616333008,3.627311e-06
59.36908149719238,3.627311e-06
59.47051548957825,3.627311e-06
59.572160482406616,3.627311e-06
59.673481941223145,3.627311e-06
59.77483510971069,3.627311e-06
59.87654137611389,3.627311e-06
59.978007793426514,3.627311e-06
60.07926058769226,3.42253e-06
60.18112373352051,3.42253e-06
60.28283500671387,3.42253e-06
60.384507179260254,3.42253e-06
60.485921144485474,3.42253e-06
60.58717632293701,3.42253e-06
60.688483238220215,3.42253e-06
60.790213108062744,3.42253e-06
60.89162349700928,3.42253e-06
60.99329328536987,3.42253e-06
61.09482479095459,3.42253e-06
61.19641971588135,3.209809e-06
61.29832696914673,3.209809e-06
61.39971590042114,3.209809e-06
61.501516819000244,3.209809e-06
61.60313868522644,3.209809e-06
61.70496416091919,3.209809e-06
61.80641746520996,3.209809e-06
61.90772604942322,3.209809e-06
62.00925326347351,3.209809e-06
62.11090040206909,3.322229e-06
62.21252632141113,3.322229e-06
62.31391954421997,3.322229e-06
62.41529130935669,3.322229e-06
62.516814947128296,3.322229e-06
62.61838102340698,3.322229e-06
62.719640016555786,3.322229e-06
62.82090663909912,3.322229e-06
62.92242193222046,3.322229e-06
63.023767709732056,3.322229e-06
63.125345945358276,3.566712e-06
63.226757764816284,3.566712e-06
63.32805943489075,3.566712e-06
63.42943978309631,3.566712e-06
63.531092166900635,3.566712e-06
63.63262128829956,3.566712e-06
63.734158754348755,3.566712e-06
63.83559513092041,3.566712e-06
63.93714237213135,3.566712e-06
64.03874707221985,3.587608e-06
64.1401584148407,3.587608e-06
64.24173760414124,3.587608e-06
64.34327149391174,3.587608e-06
64.44462990760803,3.587608e-06
64.54603385925293,3.587608e-06
64.64749193191528,3.587608e-06
64.74899506568909,3.587608e-06
64.8510193824768,3.587608e-06
64.95257997512817,3.587608e-06
65.05423593521118,3.587608e-06
65.15579056739807,3.403724e-06
65.25731635093689,3.403724e-06
65.35905694961548,3.403724e-06
65.46003007888794,3.403724e-06
65.56151509284973,3.403724e-06
65.66306710243225,3.403724e-06
65.764719247818,3.403724e-06
65.86638927459717,3.403724e-06
65.96787023544312,3.403724e-06
66.06944227218628,3.148793e-06
66.17101263999939,3.148793e-06
66.27281785011292,3.148793e-06
66.37447619438171,3.148793e-06
66.47596049308777,3.148793e-06
66.57746434211731,3.148793e-06
66.67904829978943,3.148793e-06
66.78072762489319,3.148793e-06
66.88229155540466,3.148793e-06
66.9836356639862,3.148793e-06
67.08513832092285,3.069388e-06
67.18646430969238,3.069388e-06
67.28769326210022,3.069388e-06
67.38922071456909,3.069388e-06
67.49081945419312,3.069388e-06
67.59221005439758,3.069388e-06
67.69363903999329,3.069388e-06
67.79516625404358,3.069388e-06
67.89640045166016,3.069388e-06
67.99804353713989,3.186406e-06
68.09942936897278,3.186406e-06
68.20075750350952,3.186406e-06
68.3021628856659,3.186406e-06
68.40351390838623,3.186406e-06
68.50499439239502,3.186406e-06
68.60658645629883,3.186406e-06
68.70800995826721,3.186406e-06
68.80946373939514,3.186406e-06
68.91111588478088,3.186406e-06
69.01272678375244,3.186406e-06
69.11441564559937,2.9507e-06
69.21576166152954,2.9507e-06
69.31740546226501,2.9507e-06
69.4189100265503,2.9507e-06
69.52025723457336,2.9507e-06
69.62197780609131,2.9507e-06
69.72328329086304,2.9507e-06
69.82467651367188,2.9507e-06
69.92631793022156,2.9507e-06
70.02760529518127,2.9507e-06
70.12923979759216,3.144614e-06
70.23078489303589,3.144614e-06
70.33213186264038,3.144614e-06
70.43375325202942,3.144614e-06
70.53527021408081,3.144614e-06
70.63680601119995,3.144614e-06
70.73820924758911,3.144614e-06
70.8394525051117,3.144614e-06
70.94081163406372,3.144614e-06
71.04234337806702,3.159241e-06
71.1437451839447,3.159241e-06
71.24525809288025,3.159241e-06
71.34686303138733,3.159241e-06
71.4482536315918,3.159241e-06
71.54987621307373,3.159241e-06
71.65121054649353,3.159241e-06
71.75274515151978,3.159241e-06
71.85417199134827,3.159241e-06
71.95560669898987,3.159241e-06
72.05701541900635,3.159241e-06
72.15882849693298,3.293393e-06
72.26027584075928,3.293393e-06
72.36160635948181,3.293393e-06
72.46286654472351,3.293393e-06
72.56417465209961,3.293393e-06
72.66547012329102,3.293393e-06
72.76702070236206,3.293393e-06
72.86846446990967,3.293393e-06
72.97001099586487,3.293393e-06
73.07181715965271,3.077747e-06
73.1734926700592,3.077747e-06
73.2750654220581,3.077747e-06
73.37685251235962,3.077747e-06
73.47826719284058,3.077747e-06
73.57952070236206,3.077747e-06
73.68090581893921,3.077747e-06
73.78230905532837,3.077747e-06
73.88360905647278,3.077747e-06
73.98491621017456,3.077747e-06
74.08652091026306,3.07106e-06
74.187912940979,3.07106e-06
74.28936004638672,3.07106e-06
74.39081692695618,3.07106e-06
74.49222779273987,3.07106e-06
74.59383010864258,3.07106e-06
74.6953513622284,3.07106e-06
74.79686856269836,3.07106e-06
74.89853835105896,3.07106e-06
75.00018215179443,3.100036e-06
75.10152864456177,3.100036e-06
75.20286870002747,3.100036e-06
75.30434679985046,3.100036e-06
75.40619492530823,3.100036e-06
75.50743627548218,3.100036e-06
75.60892224311829,3.100036e-06
75.71045088768005,3.100036e-06
75.81215834617615,3.100036e-06
75.9137077331543,3.100036e-06
76.01512694358826,3.100036e-06
76.11651086807251,3.395365e-06
76.21812605857849,3.395365e-06
76.31944847106934,3.395365e-06
76.42100954055786,3.395365e-06
76.52248549461365,3.395365e-06
76.62390041351318,3.395365e-06
76.72531223297119,3.395365e-06
76.82693552970886,3.395365e-06
76.92833542823792,3.395365e-06
77.02976679801941,3.119539e-06
77.13118481636047,3.119539e-06
77.23283100128174,3.119539e-06
77.33441925048828,3.119539e-06
77.43583345413208,3.119539e-06
77.53738117218018,3.119539e-06
77.63880038261414,3.119539e-06
77.74022078514099,3.119539e-06
77.84174537658691,3.119539e-06
77.94317102432251,3.119539e-06
78.04479813575745,3.297155e-06
78.14657068252563,3.297155e-06
78.24793314933777,3.297155e-06
78.34983611106873,3.297155e-06
78.45131421089172,3.297155e-06
78.5528314113617,3.297155e-06
78.65455627441406,3.297155e-06
78.7562928199768,3.297155e-06
78.85781288146973,3.297155e-06
78.95916843414307,3.297155e-06
79.06067442893982,3.297155e-06
79.16252517700195,3.325155e-06
79.26382660865784,3.325155e-06
79.36525106430054,3.325155e-06
79.46674489974976,3.325155e-06
79.5683753490448,3.325155e-06
79.66996836662292,3.325155e-06
79.77130699157715,3.325155e-06
79.87275886535645,3.325155e-06
79.97456622123718,3.325155e-06
80.07582402229309,2.820727e-06
80.17725229263306,2.820727e-06
80.27903771400452,2.820727e-06
80.38044428825378,2.820727e-06
80.48171591758728,2.820727e-06
80.5830888748169,2.820727e-06
80.68475246429443,2.820727e-06
80.78620624542236,2.820727e-06
80.88770318031311,2.820727e-06
80.98922967910767,2.820727e-06
81.09059357643127,2.714158e-06
81.19194030761719,2.714158e-06
81.2934250831604,2.714158e-06
81.39511632919312,2.714158e-06
81.49639916419983,2.714158e-06
81.59779477119446,2.714158e-06
81.69905495643616,2.714158e-06
81.80073189735413,2.714158e-06
81.90250539779663,2.714158e-06
82.00387263298035,2.962819e-06
82.10534405708313,2.962819e-06
82.20704245567322,2.962819e-06
82.30841493606567,2.962819e-06
82.41012477874756,2.962819e-06
82.51149129867554,2.962819e-06
82.61297702789307,2.962819e-06
82.71444511413574,2.962819e-06
82.81605243682861,2.962819e-06
82.91786980628967,2.962819e-06
83.01936054229736,2.962819e-06
83.12100195884705,3.671192e-06
83.22230744361877,3.671192e-06
83.32360911369324,3.671192e-06
83.42510914802551,3.671192e-06
83.52676796913147,3.671192e-06
83.62816500663757,3.671192e-06
83.72961783409119,3.671192e-06
83.8311836719513,3.671192e-06
83.93271970748901,3.671192e-06
84.03431344032288,3.251183e-06
84.13570094108582,3.251183e-06
84.23726725578308,3.251183e-06
84.33897423744202,3.251183e-06
84.44039392471313,3.251183e-06
84.54191732406616,3.251183e-06
84.64327073097229,3.251183e-06
84.7449836730957,3.251183e-06
84.84652471542358,3.251183e-06
84.94780039787292,3.251183e-06
85.04948997497559,3.032611e-06
85.15100336074829,3.032611e-06
85.2523922920227,3.032611e-06
85.35409164428711,3.032611e-06
85.45541310310364,3.032611e-06
85.55675959587097,3.032611e-06
85.65837860107422,3.032611e-06
85.75985670089722,3.032611e-06
85.86133050918579,3.032611e-06
85.96286129951477,3.267203e-06
86.06421184539795,3.267203e-06
86.1656653881073,3.267203e-06
86.26727795600891,3.267203e-06
86.36922121047974,3.267203e-06
86.47080540657043,3.267203e-06
86.57231163978577,3.267203e-06
86.67383790016174,3.267203e-06
86.77520823478699,3.267203e-06
86.87670636177063,3.267203e-06
86.97851347923279,3.267203e-06
87.07986760139465,2.937326e-06
87.1812834739685,2.937326e-06
87.28273177146912,2.937326e-06
87.38404560089111,2.937326e-06
87.48538017272949,2.937326e-06
87.58692359924316,2.937326e-06
87.68862533569336,2.937326e-06
87.79034924507141,2.937326e-06
87.89179563522339,2.937326e-06
87.99320840835571,2.937326e-06
88.0948588848114,3.88642e-06
88.19616174697876,3.88642e-06
88.2979097366333,3.88642e-06
88.39935851097107,3.88642e-06
88.50070381164551,3.88642e-06
88.60228729248047,3.88642e-06
88.70365166664124,3.88642e-06
88.80500769615173,3.88642e-06
88.90661072731018,3.88642e-06
89.00796484947205,3.021328e-06
89.10949301719666,3.021328e-06
89.21094131469727,3.021328e-06
89.31229972839355,3.021328e-06
89.41375923156738,3.021328e-06
89.51513886451721,3.021328e-06
89.61687183380127,3.021328e-06
89.71833920478821,3.021328e-06
89.81998467445374,3.021328e-06
89.92146825790405,3.021328e-06
90.0227997303009,3.021328e-06
90.12460803985596,3.047657e-06
90.22620844841003,3.047657e-06
90.32759666442871,3.047657e-06
90.42913770675659,3.047657e-06
90.53065323829651,3.047657e-06
90.63205313682556,3.047657e-06
90.73372888565063,3.047657e-06
90.8349597454071,3.047657e-06
90.93550658226013,3.047657e-06
91.03681325912476,2.70162e-06
91.13822960853577,2.70162e-06
91.2395191192627,2.70162e-06
91.3408784866333,2.70162e-06
91.44227862358093,2.70162e-06
91.54371976852417,2.70162e-06
91.64524579048157,2.70162e-06
91.74661183357239,2.70162e-06
91.84830975532532,2.70162e-06
91.94993329048157,2.70162e-06
92.0513916015625,3.33017e-06
92.15292882919312,3.33017e-06
92.25464057922363,3.33017e-06
92.35601615905762,3.33017e-06
92.45752811431885,3.33017e-06
92.55903029441833,3.33017e-06
92.66083312034607,3.33017e-06
92.76245021820068,3.33017e-06
92.86384105682373,3.33017e-06
92.9656355381012,3.21775e-06
93.06710648536682,3.21775e-06
93.16858196258545,3.21775e-06
93.27041983604431,3.21775e-06
93.37164568901062,3.21775e-06
93.47318148612976,3.21775e-06
93.57475566864014,3.21775e-06
93.67652297019958,3.21775e-06
93.77822780609131,3.21775e-06
93.8797116279602,3.21775e-06
93.98156404495239,3.21775e-06
94.08335781097412,3.238646e-06
94.18495607376099,3.238646e-06
94.2865583896637,3.238646e-06
94.38799381256104,3.238646e-06
94.48949670791626,3.238646e-06
94.59095311164856,3.238646e-06
94.69249272346497,3.238646e-06
94.79385662078857,3.238646e-06
94.89516925811768,3.238646e-06
94.9965443611145,3.169689e-06
95.09819793701172,3.169689e-06
95.1996099948883,3.169689e-06
95.3011040687561,3.169689e-06
95.40291476249695,3.169689e-06
95.5045554637909,3.169689e-06
95.60601162910461,3.169689e-06
95.70743107795715,3.169689e-06
95.80900812149048,3.169689e-06
95.9104917049408,3.169689e-06
96.01194882392883,3.364021e-06
96.11344981193542,3.364021e-06
96.21547746658325,3.364021e-06
96.31670928001404,3.364021e-06
96.41815495491028,3.364021e-06
96.51945424079895,3.364021e-06
96.62011075019836,3.364021e-06
96.7214903831482,3.364021e-06
96.82287836074829,3.364021e-06
96.923579454422,3.364021e-06
97.02502274513245,3.364021e-06
97.12669348716736,3.490651e-06
97.22812819480896,3.490651e-06
97.32973384857178,3.490651e-06
97.43119788169861,3.490651e-06
97.53274297714233,3.490651e-06
97.6342830657959,3.490651e-06
97.73595333099365,3.490651e-06
97.83798265457153,3.490651e-06
97.93922805786133,3.490651e-06
98.04063558578491,3.397455e-06
98.1419849395752,3.397455e-06
98.24326729774475,3.397455e-06
98.34468150138855,3.397455e-06
98.4463005065918,3.397455e-06
98.5469102859497,3.397455e-06
98.64847373962402,3.397455e-06
98.75011587142944,3.397455e-06
98.85142683982849,3.397455e-06
98.95291996002197,3.397455e-06
99.05435872077942,2.902221e-06
99.15559959411621,2.902221e-06
99.25694584846497,2.902221e-06
99.35821866989136,2.902221e-06
99.45921421051025,2.902221e-06
99.56057548522949,2.902221e-06
99.66223287582397,2.902221e-06
99.76370525360107,2.902221e-06
99.86506199836731,2.902221e-06
99.96674942970276,3.378649e-06
100.06848168373108,3.378649e-06
100.16996932029724,3.378649e-06
100.27136015892029,3.378649e-06
100.37293791770935,3.378649e-06
100.47435688972473,3.378649e-06
100.57585644721985,3.378649e-06
100.6772677898407,3.378649e-06
100.77906465530396,3.378649e-06
100.88060736656189,3.378649e-06
100.98260235786438,3.378649e-06
101.08403730392456,3.825822e-06
101.18558883666992,3.825822e-06
101.28724718093872,3.825822e-06
101.38879299163818,3.825822e-06
101.49038624763489,3.825822e-06
101.59173917770386,3.825822e-06
101.69327163696289,3.825822e-06
101.79489207267761,3.825822e-06
101.89642858505249,3.825822e-06
101.99799704551697,3.226108e-06
102.09944772720337,3.226108e-06
102.20095992088318,3.226108e-06
102.30247807502747,3.226108e-06
102.403799533844,3.226108e-06
102.50516700744629,3.226108e-06
102.60656452178955,3.226108e-06
102.70787310600281,3.226108e-06
102.80928874015808,3.226108e-06
102.91065120697021,3.226108e-06
103.01190090179443,3.271661e-06
103.11345410346985,3.271661e-06
103.21477103233337,3.271661e-06
103.3160469532013,3.271661e-06
103.41749620437622,3.271661e-06
103.51923632621765,3.271661e-06
103.62047076225281,3.271661e-06
103.72220587730408,3.271661e-06
103.82370162010193,3.271661e-06
103.9251036643982,3.180834e-06
104.02672457695007,3.180834e-06
104.1281373500824,3.180834e-06
104.22874283790588,3.180834e-06
104.33001565933228,3.180834e-06
104.43162989616394,3.180834e-06
104.53317165374756,3.180834e-06
104.63476753234863,3.180834e-06
104.7364010810852,3.180834e-06
104.83782505989075,3.180834e-06
104.93933081626892,3.180834e-06
105.04087257385254,3.226526e-06
105.14236307144165,3.226526e-06
105.24377346038818,3.226526e-06
105.3453860282898,3.226526e-06
105.4469347000122,3.226526e-06
105.5483386516571,3.226526e-06
105.649649143219,3.226526e-06
105.75086879730225,3.226526e-06
105.8521740436554,3.226526e-06
105.95378065109253,3.226526e-06
106.05511093139648,2.881325e-06
106.15654754638672,2.881325e-06
106.25831151008606,2.881325e-06
106.3597731590271,2.881325e-06
106.46130776405334,2.881325e-06
106.56277394294739,2.881325e-06
106.66417360305786,2.881325e-06
106.76601886749268,2.881325e-06
106.86767625808716,2.881325e-06
106.96925640106201,3.491486e-06
107.07071375846863,3.491486e-06
107.17223811149597,3.491486e-06
107.2739326953888,3.491486e-06
107.37526559829712,3.491486e-06
107.47669649124146,3.491486e-06
107.57815623283386,3.491486e-06
107.67958474159241,3.491486e-06
107.7809636592865,3.491486e-06
107.88252353668213,3.491486e-06
107.98451495170593,3.491486e-06
108.08639621734619,2.964909e-06
108.18779492378235,2.964909e-06
108.28937029838562,2.964909e-06
108.39094138145447,2.964909e-06
108.49247431755066,2.964909e-06
108.594322681427,2.964909e-06
108.69569158554077,2.964909e-06
108.7972297668457,2.964909e-06
108.8987512588501,2.964909e-06
109.00024271011353,3.45666e-06
109.10174036026001,3.45666e-06
109.20314884185791,3.45666e-06
109.30467128753662,3.45666e-06
109.40612077713013,3.45666e-06
109.50745820999146,3.45666e-06
109.60885262489319,3.45666e-06
109.71027135848999,3.45666e-06
109.81162786483765,3.45666e-06
109.91313743591309,3.45666e-06
110.01456332206726,3.216496e-06
110.11600041389465,3.216496e-06
110.21776604652405,3.216496e-06
110.31934189796448,3.216496e-06
110.42072010040283,3.216496e-06
110.5222852230072,3.216496e-06
110.62384700775146,3.216496e-06
110.72526478767395,3.216496e-06
110.82679486274719,3.216496e-06
110.92815780639648,3.079836e-06
111.02999544143677,3.079836e-06
111.13146448135376,3.079836e-06
111.23300051689148,3.079836e-06
111.33457088470459,3.079836e-06
111.43621301651001,3.079836e-06
111.53810286521912,3.079836e-06
111.63952970504761,3.079836e-06
111.74123859405518,3.079836e-06
111.84261846542358,3.079836e-06
111.94393730163574,3.079836e-06
112.04540371894836,2.981625e-06
112.14691877365112,2.981625e-06
112.24833369255066,2.981625e-06
112.35006952285767,2.981625e-06
112.45142769813538,2.981625e-06
112.55314135551453,2.981625e-06
112.6546630859375,2.981625e-06
112.75608205795288,2.981625e-06
112.85754895210266,2.981625e-06
112.95906710624695,3.435067e-06
113.06063675880432,3.435067e-06
113.16212725639343,3.435067e-06
113.26367378234863,3.435067e-06
113.36520552635193,3.435067e-06
113.4667239189148,3.435067e-06
113.56812167167664,3.435067e-06
113.66982626914978,3.435067e-06
113.7711660861969,3.435067e-06
113.87281441688538,3.435067e-06
113.9744222164154,3.361932e-06
114.07590007781982,3.361932e-06
114.17738509178162,3.361932e-06
114.2788074016571,3.361932e-06
114.38050174713135,3.361932e-06
114.48191094398499,3.361932e-06
114.58338809013367,3.361932e-06
114.68514275550842,3.361932e-06
114.7864761352539,3.361932e-06
114.88800597190857,3.361932e-06
114.98932075500488,3.361932e-06
115.09065866470337,3.174704e-06
115.1920862197876,3.174704e-06
115.2937376499176,3.174704e-06
115.39524221420288,3.174704e-06
115.4968056678772,3.174704e-06
115.5985746383667,3.174704e-06
115.69987726211548,3.174704e-06
115.80129742622375,3.174704e-06
115.90261602401733,3.174704e-06
116.00397872924805,3.063816e-06
116.10542845726013,3.063816e-06
116.20691514015198,3.063816e-06
116.30832004547119,3.063816e-06
116.41001033782959,3.063816e-06
116.51152014732361,3.063816e-06
116.61286306381226,3.063816e-06
116.71444535255432,3.063816e-06
116.81597328186035,3.063816e-06
116.91758489608765,3.063816e-06
117.01900792121887,3.809105e-06
117.12039852142334,3.809105e-06
117.22202324867249,3.809105e-06
117.32327508926392,3.809105e-06
117.42489886283875,3.809105e-06
117.52641534805298,3.809105e-06
117.62791037559509,3.809105e-06
117.72939705848694,3.809105e-06
117.8308744430542,3.809105e-06
117.93256163597107,3.600146e-06
118.0340211391449,3.600146e-06
118.13527059555054,3.600146e-06
118.23685956001282,3.600146e-06
118.33825516700745,3.600146e-06
118.43972420692444,3.600146e-06
118.54121851921082,3.600146e-06
118.6429181098938,3.600146e-06
118.74426484107971,3.600146e-06
118.845871925354,3.600146e-06
118.94738841056824,3.600146e-06
119.04880285263062,3.121629e-06
119.15036940574646,3.121629e-06
119.25110936164856,3.121629e-06
119.35168290138245,3.121629e-06
119.4529275894165,3.121629e-06
119.55445384979248,3.121629e-06
119.65571784973145,3.121629e-06
119.75725531578064,3.121629e-06
119.85881471633911,3.121629e-06
119.96036958694458,3.435068e-06
120.06183791160583,3.435068e-06
120.16327810287476,3.435068e-06
120.264728307724,3.435068e-06
120.36632251739502,3.435068e-06
120.46769618988037,3.435068e-06
120.56917381286621,3.435068e-06
120.67091822624207,3.435068e-06
120.7724142074585,3.435068e-06
120.874032497406,3.435068e-06
120.97531747817993,3.086105e-06
121.07668495178223,3.086105e-06
121.17808866500854,3.086105e-06
121.27867698669434,3.086105e-06
121.37932682037354,3.086105e-06
121.48098063468933,3.086105e-06
121.58226442337036,3.086105e-06
121.68354654312134,3.086105e-06
121.78505635261536,3.086105e-06
121.8867621421814,2.910579e-06
121.98833155632019,2.910579e-06
122.08990406990051,2.910579e-06
122.19134402275085,2.910579e-06
122.29282402992249,2.910579e-06
122.39423871040344,2.910579e-06
122.49576687812805,2.910579e-06
122.5972580909729,2.910579e-06
122.69863820075989,2.910579e-06
122.79995036125183,2.910579e-06
122.90178060531616,2.910579e-06
123.00320053100586,2.726695e-06
123.10467219352722,2.726695e-06
123.20606112480164,2.726695e-06
123.30748081207275,2.726695e-06
123.40896272659302,2.726695e-06
123.51054883003235,2.726695e-06
123.61210060119629,2.726695e-06
123.71370601654053,2.726695e-06
123.81506776809692,2.726695e-06
123.91660404205322,2.726695e-06
124.01801991462708,3.657261e-06
124.11929726600647,3.657261e-06
124.22065234184265,3.657261e-06
124.32212424278259,3.657261e-06
124.42348456382751,3.657261e-06
124.52493023872375,3.657261e-06
124.62644958496094,3.657261e-06
124.72778964042664,3.657261e-06
124.82914400100708,3.657261e-06
124.93066954612732,3.719253e-06
125.03200888633728,3.719253e-06
125.13339471817017,3.719253e-06
125.23486518859863,3.719253e-06
125.33664798736572,3.719253e-06
125.43814063072205,3.719253e-06
125.53947710990906,3.719253e-06
125.64096975326538,3.719253e-06
125.74246168136597,3.719253e-06
125.84380650520325,3.719253e-06
125.94521927833557,3.719253e-06
126.04669404029846,3.39035e-06
126.14814376831055,3.39035e-06
126.24952292442322,3.39035e-06
126.35147190093994,3.39035e-06
126.4529709815979,3.39035e-06
126.55436539649963,3.39035e-06
126.6556305885315,3.39035e-06
126.75715255737305,3.39035e-06
126.85869574546814,3.39035e-06
126.96001100540161,3.403723e-06
127.06155943870544,3.403723e-06
127.16285848617554,3.403723e-06
127.26416087150574,3.403723e-06
127.36555862426758,3.403723e-06
127.46693015098572,3.403723e-06
127.56850171089172,3.403723e-06
127.67016291618347,3.403723e-06
127.7714626789093,3.403723e-06
127.8728289604187,3.403723e-06
127.97424006462097,3.256616e-06
128.0755753517151,3.256616e-06
128.17708563804626,3.256616e-06
128.27842617034912,3.256616e-06
128.37976455688477,3.256616e-06
128.4811782836914,3.256616e-06
128.58262634277344,3.256616e-06
128.68399691581726,3.256616e-06
128.78544855117798,3.256616e-06
128.886901140213,3.432978e-06
128.98833513259888,3.432978e-06
129.09002423286438,3.432978e-06
129.1913914680481,3.432978e-06
129.29297733306885,3.432978e-06
129.39457750320435,3.432978e-06
129.4961700439453,3.432978e-06
129.59773135185242,3.432978e-06
129.69921970367432,3.432978e-06
129.8007688522339,3.432978e-06
129.90254521369934,3.432978e-06
130.00399708747864,3.052672e-06
130.10551738739014,3.052672e-06
130.20739436149597,3.052672e-06
130.30893564224243,3.052672e-06
130.4103925228119,3.052672e-06
130.51193237304688,3.052672e-06
130.61330127716064,3.052672e-06
130.7147798538208,3.052672e-06
130.81627488136292,3.052672e-06
130.91800713539124,3.334767e-06
131.01941776275635,3.334767e-06
131.12104105949402,3.334767e-06
131.22256803512573,3.334767e-06
131.32389998435974,3.334767e-06
131.42557883262634,3.334767e-06
131.52689576148987,3.334767e-06
131.62858271598816,3.334767e-06
131.73024654388428,3.334767e-06
131.8315773010254,3.334767e-06
131.93324089050293,3.537458e-06
132.03480911254883,3.537458e-06
132.13653469085693,3.537458e-06
132.23812317848206,3.537458e-06
132.33942699432373,3.537458e-06
132.4408996105194,3.537458e-06
132.54248070716858,3.537458e-06
132.64381003379822,3.537458e-06
132.74518752098083,3.537458e-06
132.84656882286072,3.537458e-06
132.94786477088928,3.537458e-06
133.04943108558655,3.271661e-06
133.15088415145874,3.271661e-06
133.25273966789246,3.271661e-06
133.35439014434814,3.271661e-06
133.45578122138977,3.271661e-06
133.55709409713745,3.271661e-06
133.65868592262268,3.271661e-06
133.76004648208618,3.271661e-06
133.86176300048828,3.271661e-06
133.96304559707642,3.658655e-06
134.06438636779785,3.658655e-06
134.16602897644043,3.658655e-06
134.26661205291748,3.658655e-06
134.3679141998291,3.658655e-06
134.46929001808167,3.658655e-06
134.5706765651703,3.658655e-06
134.67202281951904,3.658655e-06
134.77375149726868,3.658655e-06
134.87521815299988,3.658655e-06
134.97690629959106,3.387007e-06
135.0783338546753,3.387007e-06
135.17974424362183,3.387007e-06
135.28110551834106,3.387007e-06
135.38275933265686,3.387007e-06
135.48426342010498,3.387007e-06
135.5856568813324,3.387007e-06
135.68697834014893,3.387007e-06
135.78832578659058,3.387007e-06
135.88970470428467,3.098643e-06
135.99130725860596,3.098643e-06
136.09266209602356,3.098643e-06
136.19409823417664,3.098643e-06
136.2957100868225,3.098643e-06
136.39725708961487,3.098643e-06
136.49874091148376,3.098643e-06
136.6001992225647,3.098643e-06
136.7020161151886,3.098643e-06
136.8033585548401,3.098643e-06
136.90482807159424,3.098643e-06
137.00639295578003,3.288796e-06
137.10787224769592,3.288796e-06
137.20934200286865,3.288796e-06
137.3107626438141,3.288796e-06
137.4121708869934,3.288796e-06
137.51354956626892,3.288796e-06
137.61503648757935,3.288796e-06
137.71668696403503,3.288796e-06
137.8181116580963,3.288796e-06
137.9194769859314,3.443426e-06
138.02100658416748,3.443426e-06
138.12256121635437,3.443426e-06
138.22402787208557,3.443426e-06
138.32549595832825,3.443426e-06
138.4270842075348,3.443426e-06
138.528555393219,3.443426e-06
138.62999415397644,3.443426e-06
138.73127579689026,3.443426e-06
138.83276510238647,3.443426e-06
138.93456482887268,3.231541e-06
139.03596782684326,3.231541e-06
139.1374900341034,3.231541e-06
139.23892331123352,3.231541e-06
139.34014558792114,3.231541e-06
139.4416344165802,3.231541e-06
139.5431764125824,3.231541e-06
139.64454650878906,3.231541e-06
139.74614644050598,3.231541e-06
139.84769821166992,2.988591e-06
139.948326587677,2.988591e-06
140.05019164085388,2.988591e-06
140.15175437927246,2.988591e-06
140.25329065322876,2.988591e-06
140.35482239723206,2.988591e-06
140.4566206932068,2.988591e-06
140.55802869796753,2.988591e-06
140.6593873500824,2.988591e-06
140.76078391075134,2.988591e-06
140.86241269111633,2.988591e-06
140.96380496025085,3.148793e-06
141.0651400089264,3.148793e-06
141.16658782958984,3.148793e-06
141.26786851882935,3.148793e-06
141.3693585395813,3.148793e-06
141.47104907035828,3.148793e-06
141.57272362709045,3.148793e-06
141.67426657676697,3.148793e-06
141.77555108070374,3.148793e-06
141.87709188461304,3.148793e-06
141.97864747047424,3.171779e-06
142.08005833625793,3.171779e-06
142.18161725997925,3.171779e-06
142.28301167488098,3.171779e-06
142.38465785980225,3.171779e-06
142.48612594604492,3.171779e-06
142.58743119239807,3.171779e-06
142.68880796432495,3.171779e-06
142.7902388572693,3.171779e-06
142.8915717601776,3.138345e-06
142.99308943748474,3.138345e-06
143.09456753730774,3.138345e-06
143.19599390029907,3.138345e-06
143.29741787910461,3.138345e-06
143.398850440979,3.138345e-06
143.50025486946106,3.138345e-06
143.60174012184143,3.138345e-06
143.70323729515076,3.138345e-06
143.80461072921753,3.138345e-06
143.9060492515564,3.138345e-06
144.0073947906494,3.768149e-06
144.108948469162,3.768149e-06
144.2104139328003,3.768149e-06
144.3116443157196,3.768149e-06
144.4131908416748,3.768149e-06
144.51461577415466,3.768149e-06
144.61605834960938,3.768149e-06
144.71737694740295,3.768149e-06
144.81939554214478,3.768149e-06
144.92091536521912,3.353573e-06
145.02253651618958,3.353573e-06
145.1239674091339,3.353573e-06
145.22535467147827,3.353573e-06
145.32674264907837,3.353573e-06
145.42812633514404,3.353573e-06
145.52973914146423,3.353573e-06
145.63106417655945,3.353573e-06
145.7323956489563,3.353573e-06
145.8341522216797,3.353573e-06
145.93555569648743,3.407067e-06
146.0372817516327,3.407067e-06
146.13877511024475,3.407067e-06
146.2402365207672,3.407067e-06
146.3417375087738,3.407067e-06
146.44318675994873,3.407067e-06
146.54464173316956,3.407067e-06
146.64606642723083,3.407067e-06
146.74746108055115,3.407067e-06
146.84889578819275,3.37238e-06
146.95041251182556,3.37238e-06
147.0519254207611,3.37238e-06
147.1533818244934,3.37238e-06
147.25480318069458,3.37238e-06
147.35622930526733,3.37238e-06
147.45757412910461,3.37238e-06
147.55907034873962,3.37238e-06
147.66058349609375,3.37238e-06
147.7621202468872,3.37238e-06
147.86353182792664,3.37238e-06
147.96495962142944,3.414171e-06
148.0663948059082,3.414171e-06
148.16776633262634,3.414171e-06
148.2691478729248,3.414171e-06
148.3705804347992,3.414171e-06
148.47195720672607,3.414171e-06
148.57360744476318,3.414171e-06
148.67493844032288,3.414171e-06
148.77666592597961,3.414171e-06
148.87811708450317,3.32014e-06
148.97946405410767,3.32014e-06
149.0812063217163,3.32014e-06
149.18274664878845,3.32014e-06
149.28419137001038,3.32014e-06
149.38553500175476,3.32014e-06
149.48732829093933,3.32014e-06
149.58869433403015,3.32014e-06
149.69036769866943,3.32014e-06
149.79190945625305,3.32014e-06
149.89335179328918,3.692087e-06
149.99494409561157,3.692087e-06
150.09651374816895,3.692087e-06
150.19812607765198,3.692087e-06
150.29967665672302,3.692087e-06
150.40105605125427,3.692087e-06
150.50247192382812,3.692087e-06
150.60399723052979,3.692087e-06
150.7054488658905,3.692087e-06
150.80727624893188,3.692087e-06
150.90879321098328,3.692087e-06
151.0102207660675,3.530771e-06
151.11160802841187,3.530771e-06
151.21285700798035,3.530771e-06
151.31428217887878,3.530771e-06
151.41567635536194,3.530771e-06
151.51709413528442,3.530771e-06
151.61855626106262,3.530771e-06
151.71992135047913,3.530771e-06
151.82139253616333,3.530771e-06
151.92351818084717,3.865524e-06
152.02512192726135,3.865524e-06
152.1267125606537,3.865524e-06
152.22810673713684,3.865524e-06
152.3298065662384,3.865524e-06
152.4312298297882,3.865524e-06
152.53275990486145,3.865524e-06
152.6343514919281,3.865524e-06
152.7358570098877,3.865524e-06
152.8373420238495,3.865524e-06
152.93884682655334,3.196854e-06
153.04038405418396,3.196854e-06
153.14198279380798,3.196854e-06
153.2434687614441,3.196854e-06
153.34502172470093,3.196854e-06
153.44662070274353,3.196854e-06
153.54804873466492,3.196854e-06
153.6496386528015,3.196854e-06
153.75088810920715,3.196854e-06
153.8526439666748,3.93657e-06
153.95436358451843,3.93657e-06
154.05583024024963,3.93657e-06
154.157310962677,3.93657e-06
154.25888204574585,3.93657e-06
154.3606994152069,3.93657e-06
154.46224856376648,3.93657e-06
154.56364607810974,3.93657e-06
154.6651430130005,3.93657e-06
154.76678562164307,3.93657e-06
154.86794900894165,3.93657e-06
154.9693958759308,3.863434e-06
155.07073497772217,3.863434e-06
155.17222380638123,3.863434e-06
155.27441883087158,3.863434e-06
155.37581634521484,3.863434e-06
155.4774718284607,3.863434e-06
155.57889318466187,3.863434e-06
155.68075037002563,3.863434e-06
155.78210282325745,3.863434e-06
155.88340759277344,3.635669e-06
155.98464035987854,3.635669e-06
156.08614921569824,3.635669e-06
156.18764972686768,3.635669e-06
156.28914666175842,3.635669e-06
156.39087176322937,3.635669e-06
156.4922490119934,3.635669e-06
156.5939953327179,3.635669e-06
156.69532322883606,3.635669e-06
156.79700994491577,3.635669e-06
156.89837551116943,3.512383e-06
157.00010013580322,3.512383e-06
157.10181665420532,3.512383e-06
157.20362424850464,3.512383e-06
157.30495810508728,3.512383e-06
157.40641808509827,3.512383e-06
157.5079071521759,3.512383e-06
157.6093454360962,3.512383e-06
157.71088099479675,3.512383e-06
157.81269574165344,3.830001e-06
157.91413521766663,3.830001e-06
158.01564526557922,3.830001e-06
158.11721014976501,3.830001e-06
158.21876668930054,3.830001e-06
158.32021737098694,3.830001e-06
158.42222452163696,3.830001e-06
158.52354669570923,3.830001e-06
158.6250503063202,3.830001e-06
158.72670769691467,3.830001e-06
158.82809829711914,3.830001e-06
158.9295196533203,3.942003e-06
159.03094053268433,3.942003e-06
159.13259363174438,3.942003e-06
159.2341868877411,3.942003e-06
159.334725856781,3.942003e-06
159.4363238811493,3.942003e-06
159.53812909126282,3.942003e-06
159.6398286819458,3.942003e-06
159.74107694625854,3.942003e-06
159.842458486557,3.942003e-06
159.94380617141724,3.765223e-06
160.04515480995178,3.765223e-06
160.14656233787537,3.765223e-06
160.24808621406555,3.765223e-06
160.34943628311157,3.765223e-06
160.4510042667389,3.765223e-06
160.5528473854065,3.765223e-06
160.65450763702393,3.765223e-06
160.7557737827301,3.765223e-06
160.85710859298706,3.859255e-06
160.95854783058167,3.859255e-06
161.06004524230957,3.859255e-06
161.16150975227356,3.859255e-06
161.26305556297302,3.859255e-06
161.36474514007568,3.859255e-06
161.46618390083313,3.859255e-06
161.56756591796875,3.859255e-06
161.6690845489502,3.859255e-06
161.77055191993713,3.859255e-06
161.87189078330994,3.859255e-06
161.97335958480835,4.450193e-06
162.07480573654175,4.450193e-06
162.17611145973206,4.450193e-06
162.27797269821167,4.450193e-06
162.37930607795715,4.450193e-06
162.4807686805725,4.450193e-06
162.5822672843933,4.450193e-06
162.68359518051147,4.450193e-06
162.78508496284485,4.450193e-06
162.88661670684814,3.6294e-06
162.98795652389526,3.6294e-06
163.0893590450287,3.6294e-06
163.19101881980896,3.6294e-06
163.2925364971161,3.6294e-06
163.39404463768005,3.6294e-06
163.49537444114685,3.6294e-06
163.596782207489,3.6294e-06
163.69822001457214,3.6294e-06
163.79958295822144,3.6294e-06
163.90109062194824,4.334847e-06
164.0027153491974,4.334847e-06
164.10399985313416,4.334847e-06
164.2053518295288,4.334847e-06
164.30621361732483,4.334847e-06
164.40761542320251,4.334847e-06
164.509019613266,4.334847e-06
164.61047458648682,4.334847e-06
164.71180152893066,4.334847e-06
164.81316447257996,3.515169e-06
164.91461539268494,3.515169e-06
165.01607656478882,3.515169e-06
165.11748909950256,3.515169e-06
165.2188184261322,3.515169e-06
165.3204517364502,3.515169e-06
165.4219982624054,3.515169e-06
165.52338886260986,3.515169e-06
165.62480688095093,3.515169e-06
165.72629380226135,3.515169e-06
165.82763743400574,3.515169e-06
165.9290328025818,3.627311e-06
166.03045320510864,3.627311e-06
166.1321725845337,3.627311e-06
166.23352670669556,3.627311e-06
166.33522415161133,3.627311e-06
166.43684363365173,3.627311e-06
166.5383698940277,3.627311e-06
166.63974380493164,3.627311e-06
166.74120593070984,3.627311e-06
166.84270238876343,4.237472e-06
166.94406390190125,4.237472e-06
167.0458743572235,4.237472e-06
167.1471779346466,4.237472e-06
167.24866652488708,4.237472e-06
167.35014414787292,4.237472e-06
167.4515187740326,4.237472e-06
167.55310606956482,4.237472e-06
167.65473008155823,4.237472e-06
167.75601387023926,4.237472e-06
167.85742378234863,4.295981e-06
167.95897316932678,4.295981e-06
168.06057286262512,4.295981e-06
168.1620213985443,4.295981e-06
168.263423204422,4.295981e-06
168.36479592323303,4.295981e-06
168.46623396873474,4.295981e-06
168.56758832931519,4.295981e-06
168.66911029815674,4.295981e-06
168.77052927017212,4.295981e-06
168.8719882965088,4.295981e-06
168.97339963912964,5.057011e-06
169.07491159439087,5.057011e-06
169.17654943466187,5.057011e-06
169.27807188034058,5.057011e-06
169.37958359718323,5.057011e-06
169.48083090782166,5.057011e-06
169.58226585388184,5.057011e-06
169.68282461166382,5.057011e-06
169.78337001800537,5.057011e-06
169.88395309448242,4.241651e-06
169.98453164100647,4.241651e-06
170.08512997627258,4.241651e-06
170.18574571609497,4.241651e-06
170.28656935691833,4.241651e-06
170.38722920417786,4.241651e-06
170.48779916763306,4.241651e-06
170.58905482292175,4.241651e-06
170.69001150131226,4.241651e-06
170.790593624115,4.241651e-06
170.89146375656128,4.81002e-06
170.9922230243683,4.81002e-06
171.09365344047546,4.81002e-06
171.195143699646,4.81002e-06
171.29614114761353,4.81002e-06
171.39668345451355,4.81002e-06
171.49843525886536,4.81002e-06
171.59983611106873,4.81002e-06
171.7018027305603,4.81002e-06
171.8032991886139,4.65748e-06
171.9046230316162,4.65748e-06
172.0052535533905,4.65748e-06
172.10583996772766,4.65748e-06
172.2064712047577,4.65748e-06
172.30703043937683,4.65748e-06
172.40757489204407,4.65748e-06
172.5082664489746,4.65748e-06
172.60988450050354,4.65748e-06
172.71132230758667,4.65748e-06
172.81204652786255,4.65748e-06
172.91333508491516,4.479168e-06
173.01505994796753,4.479168e-06
173.11668372154236,4.479168e-06
173.21803641319275,4.479168e-06
173.31857991218567,4.479168e-06
173.41917085647583,4.479168e-06
173.52046155929565,4.479168e-06
173.6218719482422,4.479168e-06
173.72318196296692,4.479168e-06
173.82477831840515,4.256278e-06
173.92542624473572,4.256278e-06
174.0260627269745,4.256278e-06
174.12735033035278,4.256278e-06
174.22796368598938,4.256278e-06
174.3286910057068,4.256278e-06
174.43011140823364,4.256278e-06
174.53146982192993,4.256278e-06
174.63283324241638,4.256278e-06
174.73424553871155,4.256278e-06
174.83482146263123,4.125888e-06
174.93546867370605,4.125888e-06
175.03603744506836,4.125888e-06
175.1366093158722,4.125888e-06
175.23719716072083,4.125888e-06
175.33802962303162,4.125888e-06
175.43947434425354,4.125888e-06
175.54086089134216,4.125888e-06
175.64232754707336,4.125888e-06
175.74362683296204,4.125888e-06
175.84515523910522,4.125888e-06
175.94671487808228,4.214487e-06
176.04827618598938,4.214487e-06
176.14948773384094,4.214487e-06
176.25103855133057,4.214487e-06
176.35269784927368,4.214487e-06
176.4532926082611,4.214487e-06
176.55390095710754,4.214487e-06
176.6545066833496,4.214487e-06
176.75555038452148,4.214487e-06
176.85628414154053,4.933307e-06
176.95801949501038,4.933307e-06
177.0592484474182,4.933307e-06
177.15981245040894,4.933307e-06
177.2605106830597,4.933307e-06
177.3611261844635,4.933307e-06
177.46169757843018,4.933307e-06
177.56282591819763,4.933307e-06
177.66404581069946,4.933307e-06
177.76463150978088,4.933307e-06
177.86594891548157,4.120455e-06
177.9673318862915,4.120455e-06
178.06875348091125,4.120455e-06
178.17023348808289,4.120455e-06
178.27294540405273,4.120455e-06
178.37358474731445,4.120455e-06
178.4743149280548,4.120455e-06
178.57549595832825,4.120455e-06
178.6771445274353,4.120455e-06
178.77857065200806,4.14135e-06
178.8798222541809,4.14135e-06
178.98116397857666,4.14135e-06
179.08267283439636,4.14135e-06
179.18413472175598,4.14135e-06
179.28554272651672,4.14135e-06
179.38695001602173,4.14135e-06
179.48859357833862,4.14135e-06
179.5901584625244,4.14135e-06
179.691556930542,4.14135e-06
179.7930769920349,4.14135e-06
179.89489006996155,4.738974e-06
179.9955062866211,4.738974e-06
180.09621715545654,4.738974e-06
180.1967248916626,4.738974e-06
180.29775881767273,4.738974e-06
180.3991470336914,4.738974e-06
180.50053071975708,4.738974e-06
180.6017210483551,4.738974e-06
180.7030918598175,4.738974e-06
180.8047137260437,4.544642e-06
180.9064748287201,4.544642e-06
181.0078136920929,4.544642e-06
181.10926795005798,4.544642e-06
181.21071100234985,4.544642e-06
181.3121314048767,4.544642e-06
181.41405200958252,4.544642e-06
181.5154209136963,4.544642e-06
181.61676478385925,4.544642e-06
181.71841073036194,4.544642e-06
181.82001733779907,4.306429e-06
181.92146801948547,4.306429e-06
182.0229058265686,4.306429e-06
182.12474179267883,4.306429e-06
182.2263708114624,4.306429e-06
182.32772636413574,4.306429e-06
182.4292356967926,4.306429e-06
182.53110575675964,4.306429e-06
182.63254308700562,4.306429e-06
182.73426055908203,4.306429e-06
182.83566689491272,4.306429e-06
182.93721461296082,4.947934e-06
183.0388195514679,4.947934e-06
183.14060878753662,4.947934e-06
183.2422490119934,4.947934e-06
183.34363436698914,4.947934e-06
183.44500732421875,4.947934e-06
183.5465910434723,4.947934e-06
183.6480209827423,4.947934e-06
183.74956631660461,4.947934e-06
183.8509919643402,4.686735e-06
183.95262932777405,4.686735e-06
184.05406737327576,4.686735e-06
184.15570640563965,4.686735e-06
184.2569761276245,4.686735e-06
184.35846066474915,4.686735e-06
184.459899187088,4.686735e-06
184.56143712997437,4.686735e-06
184.66302514076233,4.686735e-06
184.76438975334167,4.686735e-06
184.86594367027283,4.45479e-06
184.96758484840393,4.45479e-06
185.06919598579407,4.45479e-06
185.17070531845093,4.45479e-06
185.2721185684204,4.45479e-06
185.37357783317566,4.45479e-06
185.47503519058228,4.45479e-06
185.57670664787292,4.45479e-06
185.6785454750061,4.45479e-06
185.7799255847931,4.475686e-06
185.88178491592407,4.475686e-06
185.98320031166077,4.475686e-06
186.08464360237122,4.475686e-06
186.18637132644653,4.475686e-06
186.28803539276123,4.475686e-06
186.38936233520508,4.475686e-06
186.4899971485138,4.475686e-06
186.59053707122803,4.475686e-06
186.69116687774658,4.475686e-06
186.7917182445526,4.475686e-06
186.89234352111816,4.55718e-06
186.99293637275696,4.55718e-06
187.09402680397034,4.55718e-06
187.194593667984,4.55718e-06
187.29528093338013,4.55718e-06
187.3958671092987,4.55718e-06
187.49668431282043,4.55718e-06
187.59749507904053,4.55718e-06
187.69819116592407,4.55718e-06
187.79941630363464,4.481955e-06
187.90040683746338,4.481955e-06
188.00176191329956,4.481955e-06
188.1028389930725,4.481955e-06
188.20457935333252,4.481955e-06
188.3054621219635,4.481955e-06
188.4061291217804,4.481955e-06
188.5068302154541,4.481955e-06
188.6082239151001,4.481955e-06
188.7096393108368,4.481955e-06
188.81113409996033,3.943675e-06
188.9127595424652,3.943675e-06
189.01435017585754,3.943675e-06
189.11589765548706,3.943675e-06
189.21743297576904,3.943675e-06
189.31885623931885,3.943675e-06
189.4205358028412,3.943675e-06
189.52122282981873,3.943675e-06
189.6228277683258,3.943675e-06
189.72428011894226,3.943675e-06
189.8253297805786,3.943675e-06
189.9259729385376,4.016671e-06
190.02678084373474,4.016671e-06
190.1276171207428,4.016671e-06
190.22894954681396,4.016671e-06
190.32953596115112,4.016671e-06
190.43078923225403,4.016671e-06
190.53224444389343,4.016671e-06
190.63345909118652,4.016671e-06
190.734037399292,4.016671e-06
190.83517718315125,4.628226e-06
190.93647074699402,4.628226e-06
191.03805923461914,4.628226e-06
191.1388258934021,4.628226e-06
191.23942065238953,4.628226e-06
191.3399851322174,4.628226e-06
191.44057941436768,4.628226e-06
191.54125380516052,4.628226e-06
191.64220786094666,4.628226e-06
191.7427785396576,4.628226e-06
191.8440146446228,4.406729e-06
191.94534707069397,4.406729e-06
192.04596543312073,4.406729e-06
192.14668464660645,4.406729e-06
192.24811697006226,4.406729e-06
192.34947896003723,4.406729e-06
192.4501383304596,4.406729e-06
192.55079340934753,4.406729e-06
192.65151643753052,4.406729e-06
192.75252079963684,3.916371e-06
192.85338258743286,3.916371e-06
192.9539635181427,3.916371e-06
193.05448818206787,3.916371e-06
193.15535688400269,3.916371e-06
193.25660753250122,3.916371e-06
193.3579180240631,3.916371e-06
193.459210395813,3.916371e-06
193.56082606315613,3.916371e-06
193.66235160827637,3.916371e-06
193.76334738731384,3.916371e-06
193.8639271259308,4.3081e-06
193.96489572525024,4.3081e-06
194.06553769111633,4.3081e-06
194.16714763641357,4.3081e-06
194.26869344711304,4.3081e-06
194.37005829811096,4.3081e-06
194.47173810005188,4.3081e-06
194.57319140434265,4.3081e-06
194.67493152618408,4.3081e-06
194.77563548088074,4.0912e-06
194.87694668769836,4.0912e-06
194.97860884666443,4.0912e-06
195.08002758026123,4.0912e-06
195.18152523040771,4.0912e-06
195.28294777870178,4.0912e-06
195.38460063934326,4.0912e-06
195.48622250556946,4.0912e-06
195.58746790885925,4.0912e-06
195.68899989128113,4.0912e-06
195.78980016708374,3.871793e-06
195.89038276672363,3.871793e-06
195.99106192588806,3.871793e-06
196.09195184707642,3.871793e-06
196.19252061843872,3.871793e-06
196.29322695732117,3.871793e-06
196.39414405822754,3.871793e-06
196.49537801742554,3.871793e-06
196.59631061553955,3.871793e-06
196.69761776924133,3.871793e-06
196.79870057106018,3.871793e-06
196.90001726150513,3.729701e-06
197.0014340877533,3.729701e-06
197.10240840911865,3.729701e-06
197.2032527923584,3.729701e-06
197.30383372306824,3.729701e-06
197.40448427200317,3.729701e-06
197.50534176826477,3.729701e-06
197.60658288002014,3.729701e-06
197.70718121528625,3.729701e-06
197.80771470069885,4.058463e-06
197.9089958667755,4.058463e-06
198.01038360595703,4.058463e-06
198.11138606071472,4.058463e-06
198.21196961402893,4.058463e-06
198.31265902519226,4.058463e-06
198.4137680530548,4.058463e-06
198.51513051986694,4.058463e-06
198.61655926704407,4.058463e-06
198.71729063987732,4.058463e-06
198.8178689479828,4.132574e-06
198.9191930294037,4.132574e-06
199.0204839706421,4.132574e-06
199.1219699382782,4.132574e-06
199.22256064414978,4.132574e-06
199.32318449020386,4.132574e-06
199.42385864257812,4.132574e-06
199.5251784324646,4.132574e-06
199.62660002708435,4.132574e-06
199.72813820838928,4.308518e-06
199.82952070236206,4.308518e-06
199.93159365653992,4.308518e-06
200.0329873561859,4.308518e-06
200.13456869125366,4.308518e-06
200.23525404930115,4.308518e-06
200.33583188056946,4.308518e-06
200.4365017414093,4.308518e-06
200.5376193523407,4.308518e-06
200.63922095298767,4.308518e-06
200.7406063079834,4.308518e-06
200.84205079078674,3.57716e-06
200.94330310821533,3.57716e-06
201.04481148719788,3.57716e-06
201.14641499519348,3.57716e-06
201.24782633781433,3.57716e-06
201.34929656982422,3.57716e-06
201.45084261894226,3.57716e-06
201.55166673660278,3.57716e-06
201.6523072719574,3.57716e-06
201.7528944015503,3.57716e-06
201.85382270812988,4.076573e-06
201.9553620815277,4.076573e-06
202.05678987503052,4.076573e-06
202.15839886665344,4.076573e-06
202.25981163978577,4.076573e-06
202.361328125,4.076573e-06
202.46306681632996,4.076573e-06
202.56475186347961,4.076573e-06
202.666357755661,4.076573e-06
202.76693773269653,3.915675e-06
202.8674669265747,3.915675e-06
202.9681739807129,3.915675e-06
203.06881284713745,3.915675e-06
203.16992855072021,3.915675e-06
203.271311044693,3.915675e-06
203.37259697914124,3.915675e-06
203.47414302825928,3.915675e-06
203.57543540000916,3.915675e-06
203.67686915397644,3.915675e-06
203.77833032608032,3.915675e-06
203.87984800338745,3.191421e-06
203.98169708251953,3.191421e-06
204.0831115245819,3.191421e-06
204.18464016914368,3.191421e-06
204.2857267856598,3.191421e-06
204.3870894908905,3.191421e-06
204.48767495155334,3.191421e-06
204.58930492401123,3.191421e-06
204.69090247154236,3.191421e-06
204.79256319999695,3.846718e-06
204.8940634727478,3.846718e-06
204.9956715106964,3.846718e-06
205.09717440605164,3.846718e-06
205.1978325843811,3.846718e-06
205.29843616485596,3.846718e-06
205.39905977249146,3.846718e-06
205.50039339065552,3.846718e-06
205.60193133354187,3.846718e-06
205.70328879356384,3.846718e-06
205.80479192733765,3.510293e-06
205.9063651561737,3.510293e-06
206.00768661499023,3.510293e-06
206.10918354988098,3.510293e-06
206.21072053909302,3.510293e-06
206.31209921836853,3.510293e-06
206.4137885570526,3.510293e-06
206.5154161453247,3.510293e-06
206.61703062057495,3.510293e-06
206.7177677154541,3.349394e-06
206.81841325759888,3.349394e-06
206.91898488998413,3.349394e-06
207.01965618133545,3.349394e-06
207.12099599838257,3.349394e-06
207.2224040031433,3.349394e-06
207.32362985610962,3.349394e-06
207.42493510246277,3.349394e-06
207.5263636112213,3.349394e-06
207.62791895866394,3.349394e-06
207.72944402694702,3.349394e-06
207.83095836639404,3.2679e-06
207.93260669708252,3.2679e-06
208.03405618667603,3.2679e-06
208.1354992389679,3.2679e-06
208.23714113235474,3.2679e-06
208.33872056007385,3.2679e-06
208.44012022018433,3.2679e-06
208.54150009155273,3.2679e-06
208.64294266700745,3.2679e-06
208.74477791786194,2.973267e-06
208.8462357521057,2.973267e-06
208.94748640060425,2.973267e-06
209.04884219169617,2.973267e-06
209.15048933029175,2.973267e-06
209.25188755989075,2.973267e-06
209.3532476425171,2.973267e-06
209.4546401500702,2.973267e-06
209.55616855621338,2.973267e-06
209.65756583213806,2.973267e-06
209.7589671611786,3.205212e-06
209.8604052066803,3.205212e-06
209.96210885047913,3.205212e-06
210.06348967552185,3.205212e-06
210.16503858566284,3.205212e-06
210.26648926734924,3.205212e-06
210.3680078983307,3.205212e-06
210.46952629089355,3.205212e-06
210.57113432884216,3.205212e-06
210.67238306999207,3.205212e-06
210.7737956047058,3.205212e-06
210.8753626346588,3.278348e-06
210.9766776561737,3.278348e-06
211.07831478118896,3.278348e-06
211.1796100139618,3.278348e-06
211.28112506866455,3.278348e-06
211.38274669647217,3.278348e-06
211.48412108421326,3.278348e-06
211.58471083641052,3.278348e-06
211.6855046749115,3.278348e-06
211.78605842590332,3.040134e-06
211.88663387298584,3.040134e-06
211.98721837997437,3.040134e-06
212.08785581588745,3.040134e-06
212.18848276138306,3.040134e-06
212.28908920288086,3.040134e-06
212.3897557258606,3.040134e-06
212.49032425880432,3.040134e-06
212.5910816192627,3.040134e-06
212.69174361228943,3.040134e-06
212.79238748550415,3.06312e-06
212.89297461509705,3.06312e-06
212.99414563179016,3.06312e-06
213.09482645988464,3.06312e-06
213.1954209804535,3.06312e-06
213.29598355293274,3.06312e-06
213.397292137146,3.06312e-06
213.49886226654053,3.06312e-06
213.60066962242126,3.06312e-06
213.70208072662354,3.924729e-06
213.80337023735046,3.924729e-06
213.90473222732544,3.924729e-06
214.00558805465698,3.924729e-06
214.10614013671875,3.924729e-06
214.20667171478271,3.924729e-06
214.30757665634155,3.924729e-06
214.40842366218567,3.924729e-06
214.50979280471802,3.924729e-06
214.6111500263214,3.924729e-06
214.71255207061768,3.924729e-06
214.81418085098267,4.277174e-06
214.9155352115631,4.277174e-06
215.01689219474792,4.277174e-06
215.11830306053162,4.277174e-06
215.21957159042358,4.277174e-06
215.32080626487732,4.277174e-06
215.4222650527954,4.277174e-06
215.52282285690308,4.277174e-06
215.62349104881287,4.277174e-06
215.7240493297577,4.277174e-06
215.82476592063904,3.706297e-06
215.92669868469238,3.706297e-06
216.02788877487183,3.706297e-06
216.12925028800964,3.706297e-06
216.23063135147095,3.706297e-06
216.3319833278656,3.706297e-06
216.43335008621216,3.706297e-06
216.53479313850403,3.706297e-06
216.63633394241333,3.706297e-06
216.737939119339,3.499845e-06
216.83933305740356,3.499845e-06
216.94072246551514,3.499845e-06
217.04233527183533,3.499845e-06
217.14382553100586,3.499845e-06
217.24537920951843,3.499845e-06
217.34607648849487,3.499845e-06
217.4466781616211,3.499845e-06
217.54733276367188,3.499845e-06
217.64795184135437,3.499845e-06
217.74859499931335,3.499845e-06
217.84949135780334,3.182227e-06
217.95036268234253,3.182227e-06
218.0510482788086,3.182227e-06
218.15167546272278,3.182227e-06
218.25238847732544,3.182227e-06
218.35296535491943,3.182227e-06
218.4535984992981,3.182227e-06
218.5541534423828,3.182227e-06
218.65539050102234,3.182227e-06
218.75690460205078,3.618952e-06
218.85829997062683,3.618952e-06
218.9596083164215,3.618952e-06
219.06113171577454,3.618952e-06
219.16274118423462,3.618952e-06
219.26329350471497,3.618952e-06
219.36415243148804,3.618952e-06
219.464772939682,3.618952e-06
219.56609058380127,3.618952e-06
219.66745781898499,3.618952e-06
219.76902413368225,3.644027e-06
219.87047410011292,3.644027e-06
219.97175216674805,3.644027e-06
220.0731017589569,3.644027e-06
220.17467999458313,3.644027e-06
220.27540636062622,3.644027e-06
220.3764271736145,3.644027e-06
220.47747445106506,3.644027e-06
220.57809591293335,3.644027e-06
220.67869448661804,3.201033e-06
220.77936553955078,3.201033e-06
220.8802845478058,3.201033e-06
220.98194909095764,3.201033e-06
221.0831904411316,3.201033e-06
221.18475079536438,3.201033e-06
221.28635573387146,3.201033e-06
221.38769054412842,3.201033e-06
221.4894015789032,3.201033e-06
221.5909013748169,3.201033e-06
221.69251084327698,3.201033e-06
221.79388451576233,3.343125e-06
221.89460706710815,3.343125e-06
221.995215177536,3.343125e-06
222.0958821773529,3.343125e-06
222.1967420578003,3.343125e-06
222.2974681854248,3.343125e-06
222.3988060951233,3.343125e-06
222.5004117488861,3.343125e-06
222.60213494300842,3.343125e-06
222.70346879959106,3.343125e-06
222.80498147010803,3.42253e-06
222.9066264629364,3.42253e-06
223.0080544948578,3.42253e-06
223.10954642295837,3.42253e-06
223.2109854221344,3.42253e-06
223.31266403198242,3.42253e-06
223.41439056396484,3.42253e-06
223.5156397819519,3.42253e-06
223.61700558662415,3.42253e-06
223.7184603214264,3.334767e-06
223.82005071640015,3.334767e-06
223.92158675193787,3.334767e-06
224.02310132980347,3.334767e-06
224.12449145317078,3.334767e-06
224.22529363632202,3.334767e-06
224.32658529281616,3.334767e-06
224.4280240535736,3.334767e-06
224.52957582473755,3.334767e-06
224.63028001785278,3.334767e-06
224.7308201789856,3.334767e-06
224.83154392242432,3.637758e-06
224.9321277141571,3.637758e-06
225.0328812599182,3.637758e-06
225.13348841667175,3.637758e-06
225.23404932022095,3.637758e-06
225.33466148376465,3.637758e-06
225.43531489372253,3.637758e-06
225.53593850135803,3.637758e-06
225.63655710220337,3.637758e-06
225.73713850975037,3.518651e-06
225.8385465145111,3.518651e-06
225.9391210079193,3.518651e-06
226.03979516029358,3.518651e-06
226.14084935188293,3.518651e-06
226.24244952201843,3.518651e-06
226.34384727478027,3.518651e-06
226.44457292556763,3.518651e-06
226.54642415046692,3.518651e-06
226.6471574306488,3.518651e-06
226.74796628952026,3.694177e-06
226.8494746685028,3.694177e-06
226.95093703269958,3.694177e-06
227.05280423164368,3.694177e-06
227.15471482276917,3.694177e-06
227.25598120689392,3.694177e-06
227.35732293128967,3.694177e-06
227.45872020721436,3.694177e-06
227.56021189689636,3.694177e-06
227.66164875030518,3.211481e-06
227.76250505447388,3.211481e-06
227.86316680908203,3.211481e-06
227.96370244026184,3.211481e-06
228.0643572807312,3.211481e-06
228.16492414474487,3.211481e-06
228.2663128376007,3.211481e-06
228.36755108833313,3.211481e-06
228.4689404964447,3.211481e-06
228.570250749588,3.211481e-06
228.6715953350067,3.211481e-06
228.77299094200134,3.395366e-06
228.87451934814453,3.395366e-06
228.97507858276367,3.395366e-06
229.0756847858429,3.395366e-06
229.17707300186157,3.395366e-06
229.27876138687134,3.395366e-06
229.38000655174255,3.395366e-06
229.48141193389893,3.395366e-06
229.5830385684967,3.395366e-06
229.6846640110016,3.395366e-06
229.78646779060364,3.443426e-06
229.8878629207611,3.443426e-06
229.98938131332397,3.443426e-06
230.0908920764923,3.443426e-06
230.19222497940063,3.443426e-06
230.29288172721863,3.443426e-06
230.39413952827454,3.443426e-06
230.49476647377014,3.443426e-06
230.59569692611694,3.443426e-06
230.69677257537842,3.740845e-06
230.79747462272644,3.740845e-06
230.89800238609314,3.740845e-06
230.99898982048035,3.740845e-06
231.1004536151886,3.740845e-06
231.20102787017822,3.740845e-06
231.30196976661682,3.740845e-06
231.4034218788147,3.740845e-06
231.50401878356934,3.740845e-06
231.6052827835083,3.740845e-06
231.7059223651886,3.740845e-06
231.8065459728241,3.667013e-06
231.9079074859619,3.667013e-06
232.00932002067566,3.667013e-06
232.11086320877075,3.667013e-06
232.21220588684082,3.667013e-06
232.31374168395996,3.667013e-06
232.41520810127258,3.667013e-06
232.516343832016,3.667013e-06
232.61771249771118,3.667013e-06
232.71921181678772,4.018065e-06
232.82052731513977,4.018065e-06
232.92120742797852,4.018065e-06
233.02184629440308,4.018065e-06
233.12240529060364,4.018065e-06
233.2231433391571,4.018065e-06
233.32462549209595,4.018065e-06
233.42639994621277,4.018065e-06
233.5277590751648,4.018065e-06
233.6292369365692,4.018065e-06
233.73088955879211,4.084932e-06
233.83166646957397,4.084932e-06
233.9322338104248,4.084932e-06
234.03281807899475,4.084932e-06
234.1334683895111,4.084932e-06
234.23486971855164,4.084932e-06
234.3354616165161,4.084932e-06
234.4360864162445,4.084932e-06
234.53705739974976,4.084932e-06
234.63815879821777,3.556264e-06
234.73898458480835,3.556264e-06
234.8398494720459,3.556264e-06
234.9406681060791,3.556264e-06
235.04252099990845,3.556264e-06
235.14389061927795,3.556264e-06
235.24530148506165,3.556264e-06
235.34685373306274,3.556264e-06
235.44819116592407,3.556264e-06
235.5498116016388,3.556264e-06
235.6510705947876,3.556264e-06
235.75171566009521,2.955715e-06
235.85229992866516,2.955715e-06
235.95288801193237,2.955715e-06
236.0535373687744,2.955715e-06
236.15411496162415,2.955715e-06
236.2554497718811,2.955715e-06
236.35700273513794,2.955715e-06
236.45849609375,2.955715e-06
236.55982041358948,2.955715e-06
236.6613745689392,2.955715e-06
236.76315689086914,3.47059e-06
236.86465883255005,3.47059e-06
236.96641755104065,3.47059e-06
237.0677525997162,3.47059e-06
237.16909766197205,3.47059e-06
237.27065181732178,3.47059e-06
237.37220239639282,3.47059e-06
237.47358918190002,3.47059e-06
237.57498908042908,3.47059e-06
237.6763038635254,3.495666e-06
237.77821373939514,3.495666e-06
237.87970876693726,3.495666e-06
237.98124051094055,3.495666e-06
238.0827932357788,3.495666e-06
238.18420791625977,3.495666e-06
238.2858648300171,3.495666e-06
238.38713121414185,3.495666e-06
238.48888564109802,3.495666e-06
238.59046053886414,3.495666e-06
238.69193387031555,3.495666e-06
238.79343485832214,4.626833e-06
238.8950901031494,4.626833e-06
238.99647688865662,4.626833e-06
239.09810829162598,4.626833e-06
239.1994731426239,4.626833e-06
239.3008303642273,4.626833e-06
239.40220975875854,4.626833e-06
239.50350308418274,4.626833e-06
239.6048834323883,4.626833e-06
239.70665884017944,3.865524e-06
239.80820107460022,3.865524e-06
239.90965604782104,3.865524e-06
240.01107382774353,3.865524e-06
240.1131088733673,3.865524e-06
240.21471238136292,3.865524e-06
240.3159954547882,3.865524e-06
240.41737937927246,3.865524e-06
240.51883554458618,3.865524e-06
240.62046098709106,3.865524e-06
240.72225046157837,4.079081e-06
240.82359957695007,4.079081e-06
240.9249393939972,4.079081e-06
241.02650618553162,4.079081e-06
241.1278669834137,4.079081e-06
241.22934770584106,4.079081e-06
241.33088040351868,4.079081e-06
241.43220162391663,4.079081e-06
241.53382420539856,4.079081e-06
241.6351797580719,3.470591e-06
241.73657321929932,3.470591e-06
241.83822917938232,3.470591e-06
241.9395272731781,3.470591e-06
242.04112100601196,3.470591e-06
242.14261293411255,3.470591e-06
242.2439730167389,3.470591e-06
242.34698939323425,3.470591e-06
242.44827246665955,3.470591e-06
242.5499770641327,3.470591e-06
242.65132641792297,3.470591e-06
242.7526786327362,3.664505e-06
242.85431838035583,3.664505e-06
242.95567345619202,3.664505e-06
243.0571780204773,3.664505e-06
243.15874338150024,3.664505e-06
243.26011395454407,3.664505e-06
243.36149978637695,3.664505e-06
243.4629361629486,3.664505e-06
243.56460189819336,3.664505e-06
243.6659541130066,3.664505e-06
243.76730346679688,3.374469e-06
243.8687138557434,3.374469e-06
243.97053980827332,3.374469e-06
244.0720019340515,3.374469e-06
244.17376613616943,3.374469e-06
244.2751545906067,3.374469e-06
244.37656545639038,3.374469e-06
244.47800135612488,3.374469e-06
244.5793855190277,3.374469e-06
244.68091416358948,4.162246e-06
244.78255987167358,4.162246e-06
244.88379168510437,4.162246e-06
244.98504829406738,4.162246e-06
245.0860435962677,4.162246e-06
